ID,AGE,ED,EMPLOY,ADDRESS,INCOME,DEBTINC,CREDDEBT,OTHDEBT,DEFAULT
1,41,3,17,12,176,9.30,11.359392,5.008608,1
2,27,1,10,6,31,17.30,1.362202,4.000798,0
3,40,1,15,14,55,5.50,0.856075,2.168925,0
4,41,1,15,14,120,2.90,2.658720,0.821280,0
5,24,2,2,0,28,17.30,1.787436,3.056564,1
6,41,2,5,5,25,10.20,0.392700,2.157300,0
7,39,1,20,9,67,30.60,3.833874,16.668126,0
8,43,1,12,11,38,3.60,0.128592,1.239408,0
9,24,1,3,4,19,24.40,1.358348,3.277652,1
10,36,1,0,13,25,19.70,2.777700,2.147300,0
